{"loss": [6.1946302502941375, 4.7829767442853965, 4.425383449961188, 4.2252181990754565, 4.052035590327592, 3.897947236517385, 3.7799440563648936, 3.700181260382656, 3.6288263522021267, 3.573636157897237, 3.531052848261679, 3.4871299164885254, 3.449893676651903, 3.418946965429897, 3.390303039323368, 3.3684267481188415, 3.3443172819020295, 3.3214268716062643, 3.2990940120715213, 3.285948451790528, 3.2676551692470786, 3.2582582599400784, 3.24172551472332, 3.223360083899533, 3.211380886800081, 2.8922173682935233, 2.761236914214152, 2.6933074800754158, 2.6465675766271906, 2.607579599265812, 2.5731075568208093, 2.5398391155261764, 2.5126659680907273, 2.4890167595397634, 2.4672871925745157, 2.444906489931528, 2.419140050691836, 2.4033528237626287, 2.383718495717387, 2.3670826744046454, 2.3505246030108684, 2.335623789637687, 2.317029036648776, 2.3027027908530515, 2.2809951486304882, 2.2343854648378305, 2.2200743884452256, 2.212232876303167, 2.2048956370601416, 2.2007394731197056, 2.197093545872762, 2.194901890678354, 2.1871541877394742, 2.189001127151102, 2.1834318280280947, 2.1724806795003304, 2.1770141444931523, 2.1705476226524, 2.176626691032849, 2.1702526705042913, 2.172067976225338, 2.1716169054109016, 2.175106716834185, 2.1683835332305526, 2.1754343451602436], "accuracy": [0.052101071923971176, 0.10481948405504227, 0.14613141119480133, 0.17853644490242004, 0.21114376187324524, 0.23622466623783112, 0.2556101977825165, 0.2733669877052307, 0.28725939989089966, 0.29786238074302673, 0.3112012445926666, 0.319259911775589, 0.326562762260437, 0.3335888385772705, 0.34091296792030334, 0.34495827555656433, 0.34953585267066956, 0.3566896617412567, 0.35945749282836914, 0.3617037236690521, 0.3661003112792969, 0.369070440530777, 0.371412456035614, 0.37691619992256165, 0.37782105803489685, 0.441800057888031, 0.46661555767059326, 0.47455713152885437, 0.482307106256485, 0.48942896723747253, 0.4918774366378784, 0.49734926223754883, 0.5002661347389221, 0.5043114423751831, 0.5054398775100708, 0.5077819228172302, 0.5138818025588989, 0.5133175849914551, 0.517554521560669, 0.5183954834938049, 0.5223023891448975, 0.5234627723693848, 0.5272738933563232, 0.5291794538497925, 0.5312659740447998, 0.5422662496566772, 0.544487714767456, 0.5470426678657532, 0.548522412776947, 0.5479155778884888, 0.5499702095985413, 0.5508431196212769, 0.5509921908378601, 0.5505450367927551, 0.5523973703384399, 0.5536656975746155, 0.5528658032417297, 0.5531744956970215, 0.5538132190704346, 0.5568791627883911, 0.5540048480033875, 0.553855836391449, 0.5559636354446411, 0.5547606945037842, 0.5539728999137878], "val_loss": [5.492150364777981, 4.836952105546609, 4.408501430963859, 4.414771676063538, 4.088397689354726, 4.182488294748159, 4.084295804683979, 4.0355970446880045, 4.26103060062115, 4.002928075117943, 4.108686467011769, 3.853695510289608, 3.9935573553427672, 3.583264789520166, 4.057910683827522, 3.6846347863857565, 4.0189070120835915, 3.6927273028936143, 3.7445442462578797, 3.8289845020343094, 4.047963897387187, 3.549903371395209, 3.709259896706312, 3.7734989065390367, 3.8385119361755176, 3.1077222457298865, 3.0896462828685074, 3.008322747854086, 2.9758990575105715, 2.9384020383541403, 2.920130260479756, 2.8748885622391334, 2.869427583156488, 2.9092487203769193, 2.8348099146133814, 2.8764415933535648, 2.8544114094514113, 2.78473705970324, 2.765376477669447, 2.7943366368611655, 2.9048690291551442, 2.761169360234187, 2.7723541595996957, 2.7382048276754527, 2.844546915628971, 2.7410313808001003, 2.7314626452250357, 2.724137333723215, 2.698536848410582, 2.7132543325424194, 2.706602551998236, 2.697462315742786, 2.7007644222332883, 2.698477106216626, 2.6978124915025172, 2.6929480922527804, 2.6920807514435205, 2.700608170949496, 2.69327466457318, 2.6977527951582885, 2.6958480951113577, 2.6948622587399607, 2.6880744298299155, 2.6897818583708544, 2.6916009065432425], "val_accuracy": [0.06520432978868484, 0.10296474397182465, 0.1499597430229187, 0.15086553990840912, 0.20380434393882751, 0.2053140103816986, 0.23097826540470123, 0.23389694094657898, 0.2085346281528473, 0.23812399804592133, 0.23339371383190155, 0.2678140103816986, 0.26308372616767883, 0.30887681245803833, 0.2532206177711487, 0.301227867603302, 0.25795087218284607, 0.2908615171909332, 0.2828099727630615, 0.28894928097724915, 0.25613927841186523, 0.3190418779850006, 0.2979066073894501, 0.29810789227485657, 0.2867351174354553, 0.39833733439445496, 0.40066424012184143, 0.41415056586265564, 0.4144524931907654, 0.4219001531600952, 0.42371174693107605, 0.4335748851299286, 0.42803946137428284, 0.4242149889469147, 0.43629226088523865, 0.42522141337394714, 0.43025362491607666, 0.44192832708358765, 0.4416263997554779, 0.4386070966720581, 0.4166666567325592, 0.4407206177711487, 0.4429347813129425, 0.45128825306892395, 0.4312600791454315, 0.44731569290161133, 0.4498792290687561, 0.4489734172821045, 0.454408198595047, 0.4519927501678467, 0.454005628824234, 0.4549114406108856, 0.454408198595047, 0.4549114406108856, 0.45390498638153076, 0.45432692766189575, 0.4549114406108856, 0.4538043439388275, 0.45521336793899536, 0.45320048928260803, 0.4534017741680145, 0.4535024166107178, 0.4549114406108856, 0.4551127254962921, 0.4538043439388275]}